Family Violence State Totals,,,,
Agency Name,"
Number of Incidents",,,
ANDERSON COUNTY,268,,,
ANDERSON CO SO,105,,,
PALESTINE PD,151,,,
FRANKSTON PD,12,,,
ANDREWS COUNTY,42,,,
ANDREWS CO SO,14,,,
ANDREWS PD,28,,,
ANGELINA COUNTY,571,,,
ANGELINA CO SO,109,,,
DIBOLL PD,20,,,
HUNTINGTON PD,3,,,
LUFKIN PD,437,,,
HUDSON PD,2,,,
ARANSAS COUNTY,198,,,
ARANSAS CO SO,35,,,
ARANSAS PASS PD,131,,,
ROCKPORT PD,27,,,
FULTON PD,5,,,
ARCHER COUNTY,16,,,
ARCHER CO SO,16,,,
ARMSTRONG COUNTY,4,,,
ARMSTRONG CO SO,4,,,
ATASCOSA COUNTY,315,,,
ATASCOSA CO SO,150,,,
LYTLE PD,13,,,
PLEASANTON PD,100,,,
POTEET PD,29,,,
JOURDANTON PD,23,,,
AUSTIN COUNTY,119,,,
AUSTIN CO SO (AE),53,,,
BELLVILLE PD,11,,,
SEALY PD (AE),45,,,
WALLIS PD,10,,,
BAILEY COUNTY,13,,,
BAILEY CO SO,2,,,
MULESHOE PD ,11,,,
BANDERA COUNTY,54,,,
BANDERA CO SO,54,,,
BASTROP COUNTY,589,,,
BASTROP CO SO,438,,,
BASTROP PD,91,,,
ELGIN PD,14,,,
SMITHVILLE PD,42,,,
BASTROP ISD PD,4,,,
BAYLOR COUNTY,13,,,
SEYMOUR PD,13,,,
BEE COUNTY,162,,,
BEE CO SO,30,,,
BEEVILLE PD,132,,,
BELL COUNTY,"3,144",,,
BELL CO SO,248,,,
BELTON PD,209,,,
HARKER HEIGHTS PD,125,,,
KILLEEN PD (MIP),"1,931",,,
NOLANVILLE PD,28,,,
TEMPLE PD,593,,,
CENTRAL TEXAS COLLEGE PD,2,,,
MORGAN'S POINT RESORT PD,2,,,
TROY PD,2,,,
SALADO PD,4,,,
BEXAR COUNTY,"14,553",,,
BEXAR CO SO (MIP),"1,682",,,
SAN ANTONIO PD (MIP),"11,943",,,
ALAMO HEIGHTS PD,10,,,
BALCONES HEIGHTS PD,33,,,
CASTLE HILLS PD,17,,,
CONVERSE PD,146,,,
HILL COUNTRY VILLAGE PD,1,,,
HOLLYWOOD PARK PD,1,,,
KIRBY PD,233,,,
LEON VALLEY PD,95,,,
OLMOS PARK PD,6,,,
SHAVANO PARK PD,3,,,
TERRELL HILLS PD,2,,,
UNIVERSAL CITY PD,238,,,
WINDCREST PD,13,,,
LIVE OAK PD,19,,,
UNIV OF TX: HSC - SAN ANTONIO PD,2,,,
UNIV OF TX: SAN ANTONIO PD,10,,,
ALAMO COMM COLLEGE DIST PD,3,,,
SELMA PD,71,,,
SOMERSET PD,7,,,
HELOTES PD,11,,,
FAIR OAKS RANCH PD,7,,,
BLANCO COUNTY,46,,,
BLANCO CO SO,32,,,
BLANCO PD,12,,,
JOHNSON CITY PD,2,,,
BORDEN COUNTY,3,,,
BORDEN CO SO,3,,,
BOSQUE COUNTY,37,,,
BOSQUE CO SO,32,,,
CLIFTON PD,5,,,
BOWIE COUNTY,"1,183",,,
BOWIE CO SO,244,,,
DE KALB PD,11,,,
NASH PD,41,,,
NEW BOSTON PD,30,,,
TEXARKANA PD,789,,,
WAKE VILLAGE PD,54,,,
HOOKS PD,14,,,
BRAZORIA COUNTY,"2,025",,,
BRAZORIA CO SO (MIP),570,,,
ALVIN PD (AE),197,,,
ANGLETON PD (AE),161,,,
CLUTE PD (AE),84,,,
DANBURY PD,3,,,
FREEPORT PD,71,,,
LAKE JACKSON PD (AE),210,,,
MANVEL PD (IBR),67,,,
PEARLAND PD (MIP) (IBR),524,,,
RICHWOOD PD,28,,,
SWEENY PD (AE),18,,,
WEST COLUMBIA PD (IBR),39,,,
BRAZORIA PD,23,,,
JONES CREEK PD (AE),3,,,
SURFSIDE BEACH PD,12,,,
OYSTER CREEK PD (AE),15,,,
BRAZOS COUNTY,"1,554",,,
BRAZOS CO SO (AE),83,,,
BRYAN PD (AE),948,,,
COLLEGE STATION PD (MIP),510,,,
TX A&M UNIV: COLLEGE STATION PD (AE),13,,,
BREWSTER COUNTY,42,,,
BREWSTER CO SO (IBR),15,,,
ALPINE PD,27,,,
BRISCOE COUNTY,1,,,
BRISCOE CO SO ,1,,,
BROOKS COUNTY,49,,,
FALFURRIAS PD,49,,,
BROWN COUNTY,383,,,
BROWN CO SO,88,,,
BANGS PD  ,2,,,
BROWNWOOD PD ,279,,,
EARLY PD,14,,,
BURLESON COUNTY,51,,,
BURLESON CO SO,34,,,
CALDWELL PD,17,,,
BURNET COUNTY,276,,,
BURNET CO SO,115,,,
BURNET PD,84,,,
MARBLE FALLS PD,45,,,
GRANITE SHOALS PD,21,,,
HORSESHOE BAY PD,10,,,
COTTONWOOD SHORES PD (NR),1,,,
CALDWELL COUNTY,280,,,
CALDWELL CO SO,130,,,
LOCKHART PD,110,,,
LULING PD,39,,,
MARTINDALE PD (AE),1,,,
CALHOUN COUNTY,167,,,
CALHOUN CO SO,52,,,
PORT LAVACA PD,113,,,
CALHOUN ISD PD,2,,,
CALLAHAN COUNTY,54,,,
CALLAHAN CO SO,23,,,
BAIRD PD,15,,,
CLYDE PD,16,,,
CAMERON COUNTY,"2,697",,,
CAMERON CO SO (MIP),572,,,
BROWNSVILLE PD (MIP),"1,305",,,
COMBES PD,14,,,
HARLINGEN PD,415,,,
LA FERIA PD,44,,,
LOS FRESNOS PD,25,,,
PORT ISABEL PD,39,,,
PRIMERA PD,16,,,
RIO HONDO PD,12,,,
SAN BENITO PD,187,,,
SOUTH PADRE ISLAND PD,47,,,
TSTC: HARLINGEN PD,2,,,
CAMERON CO PK RGR PD (CB),1,,,
BROWNSVILLE ISD PD,1,,,
PALM VALLEY PD,1,,,
LAGUNA VISTA PD,8,,,
RANCHO VIEJO PD,6,,,
LOS INDIOS PD,2,,,
CAMP COUNTY,56,,,
CAMP CO SO,18,,,
PITTSBURG PD,38,,,
CARSON COUNTY,4,,,
CARSON CO SO,2,,,
PANHANDLE PD,2,,,
CASS COUNTY,108,,,
CASS CO SO,52,,,
ATLANTA PD,38,,,
HUGHES SPRINGS PD,4,,,
LINDEN PD,10,,,
QUEEN CITY PD,4,,,
CASTRO COUNTY,26,,,
CASTRO CO SO,2,,,
DIMMITT PD,24,,,
CHAMBERS COUNTY,179,,,
CHAMBERS CO SO (AE),147,,,
MONT BELVIEU PD,32,,,
CHEROKEE COUNTY,506,,,
CHEROKEE CO SO,286,,,
JACKSONVILLE PD,198,,,
RUSK PD,22,,,
CHILDRESS COUNTY,36,,,
CHILDRESS CO SO,13,,,
CHILDRESS PD (NR),23,,,
CLAY COUNTY,27,,,
CLAY CO SO,27,,,
COKE COUNTY,1,,,
COKE CO SO,1,,,
COLEMAN COUNTY,31,,,
COLEMAN CO SO (NR),1,,,
COLEMAN PD,29,,,
SANTA ANNA PD,1,,,
COLLIN COUNTY,"3,227",,,
COLLIN CO SO,238,,,
ALLEN PD (MIP),280,,,
CELINA PD,34,,,
FARMERSVILLE PD,10,,,
FRISCO PD (MIP),602,,,
MCKINNEY PD (MIP),831,,,
PLANO PD (MIP),884,,,
PROSPER PD,30,,,
WYLIE PD,147,,,
PRINCETON PD,69,,,
MELISSA PD,13,,,
MURPHY PD,31,,,
PARKER PD,9,,,
LAVON PD,14,,,
FAIRVIEW PD,5,,,
ANNA PD,27,,,
JOSEPHINE PD,3,,,
COLORADO COUNTY,71,,,
COLORADO CO SO,41,,,
COLUMBUS PD,10,,,
EAGLE LAKE PD,11,,,
WEIMAR PD,9,,,
COMAL COUNTY,704,,,
COMAL CO SO,217,,,
NEW BRAUNFELS PD,475,,,
GARDEN RIDGE PD,7,,,
BULVERDE PD (AE),5,,,
COMANCHE COUNTY,77,,,
COMANCHE CO SO (AE),25,,,
COMANCHE PD,24,,,
DELEON PD,28,,,
COOKE COUNTY,319,,,
COOKE CO SO,87,,,
GAINESVILLE PD,232,,,
CORYELL COUNTY,612,,,
CORYELL CO SO,66,,,
COPPERAS COVE PD,462,,,
GATESVILLE PD,84,,,
COTTLE COUNTY,2,,,
PADUCAH PD,2,,,
CRANE COUNTY,10,,,
CRANE CO SO,2,,,
CRANE PD (AE),8,,,
CROCKETT COUNTY,8,,,
CROCKETT CO SO,8,,,
CROSBY COUNTY,5,,,
CROSBY CO SO,2,,,
CROSBYTON PD,1,,,
RALLS PD,2,,,
CULBERSON COUNTY,3,,,
CULBERSON CO SO,3,,,
DALLAM COUNTY,84,,,
DALHART PD,84,,,
DALLAS COUNTY,"21,928",,,
DALLAS CO SO,42,,,
DALLAS PD (MIP),"14,021",,,
ADDISON PD,169,,,
BALCH SPRINGS PD,243,,,
CARROLLTON PD (MIP),397,,,
CEDAR HILL PD,298,,,
COCKRELL HILL PD,31,,,
COPPELL PD,91,,,
DESOTO PD,493,,,
DUNCANVILLE PD,223,,,
FARMERS BRANCH PD,158,,,
GARLAND PD (MIP),"1,818",,,
GRAND PRAIRIE PD (MIP),"1,119",,,
HIGHLAND PARK PD,7,,,
HUTCHINS PD,24,,,
IRVING PD (MIP),578,,,
LANCASTER PD,337,,,
MESQUITE PD (MIP),944,,,
RICHARDSON PD (MIP),230,,,
SACHSE PD,81,,,
SEAGOVILLE PD,68,,,
UNIVERSITY PARK PD,15,,,
WILMER PD,18,,,
UNIV OF TX: SW MED SCHOOL PD,1,,,
UNIV OF TX: DALLAS PD,4,,,
ROWLETT PD,343,,,
GLENN HEIGHTS PD,146,,,
DALLAS CO. HOSP DIST PD,12,,,
BAYLOR HEALTH CARE SYSTEM PD,9,,,
SOUTHERN METHODIST UNIV PD,2,,,
OVILLA PD,6,,,
DAWSON COUNTY,40,,,
DAWSON CO SO,1,,,
LAMESA PD,39,,,
DEAF SMITH COUNTY,23,,,
DEAF SMITH CO SO,8,,,
HEREFORD PD,15,,,
DELTA COUNTY,14,,,
DELTA CO SO,14,,,
DENTON COUNTY,"2,249",,,
DENTON CO SO (MIP),204,,,
ARGYLE PD,2,,,
DENTON PD (MIP),810,,,
LAKE DALLAS PD,49,,,
LEWISVILLE PD (MIP),585,,,
PILOT POINT PD,12,,,
SANGER PD,26,,,
TEXAS WOMAN'S UNIV PD,1,,,
UNIV OF NORTH TEXAS PD,5,,,
FLOWER MOUND PD,109,,,
LITTLE ELM PD,77,,,
AUBREY PD,5,,,
THE COLONY PD,193,,,
HIGHLAND VILLAGE PD,26,,,
CORINTH PD,71,,,
DOUBLE OAK PD,10,,,
HICKORY CREEK PD,4,,,
ROANOKE PD,23,,,
TROPHY CLUB PD,13,,,
PONDER PD,6,,,
NORTHEAST PD,8,,,
NORTHLAKE PD,10,,,
DEWITT COUNTY,93,,,
DEWITT CO SO,28,,,
CUERO PD,64,,,
YORKTOWN PD,1,,,
DICKENS COUNTY,4,,,
DICKENS CO SO,3,,,
SPUR PD (AE),1,,,
DIMMIT COUNTY,61,,,
DIMMIT CO SO,61,,,
DONLEY COUNTY,13,,,
DONLEY CO SO,13,,,
DUVAL COUNTY,31,,,
DUVAL CO SO,11,,,
SAN DIEGO PD,3,,,
FREER PD,17,,,
EASTLAND COUNTY,61,,,
EASTLAND CO SO,1,,,
CISCO PD,27,,,
EASTLAND PD,29,,,
GORMAN PD,2,,,
RANGER PD,1,,,
CISCO COLLEGE PD,1,,,
ECTOR COUNTY,"1,324",,,
ECTOR CO SO,510,,,
ODESSA PD (MIP),809,,,
UNIV OF TX: PERMIAN BASIN PD,1,,,
ECTOR ISD PD,4,,,
EDWARDS COUNTY,10,,,
EDWARDS CO SO,10,,,
ELLIS COUNTY,623,,,
ELLIS CO SO,129,,,
ENNIS PD,63,,,
FERRIS PD,9,,,
ITALY PD,10,,,
MIDLOTHIAN PD,145,,,
MILFORD PD,2,,,
PALMER PD,3,,,
RED OAK PD,49,,,
WAXAHACHIE PD,213,,,
EL PASO COUNTY,"5,295",,,
EL PASO CO SO,549,,,
ANTHONY PD,16,,,
EL PASO PD (MIP),"4,542",,,
UNIV OF TX: EL PASO PD,1,,,
EL PASO COMM COLLEGE PD,4,,,
EL PASO ISD PD,9,,,
HORIZON CITY PD,35,,,
SOCORRO PD,138,,,
SOCORRO ISD PD,1,,,
ERATH COUNTY,119,,,
ERATH CO SO,18,,,
DUBLIN PD,8,,,
STEPHENVILLE PD,89,,,
TARLETON STATE UNIV PD,4,,,
FALLS COUNTY,10,,,
FALLS CO SO,3,,,
LOTT PD,5,,,
MARLIN PD,2,,,
FANNIN COUNTY,124,,,
FANNIN CO SO,58,,,
BONHAM PD,66,,,
FAYETTE COUNTY,74,,,
FAYETTE CO SO,12,,,
LA GRANGE PD,36,,,
SCHULENBURG PD,16,,,
FLATONIA PD,10,,,
FISHER COUNTY,1,,,
FISHER CO SO,1,,,
FLOYD COUNTY,6,,,
FLOYD CO SO,5,,,
FLOYDADA PD,1,,,
FORT BEND COUNTY,"3,305",,,
FORT BEND CO SO (MIP),"2,086",,,
MISSOURI CITY PD (AE),339,,,
RICHMOND PD (AE),81,,,
ROSENBERG PD (AE),427,,,
STAFFORD PD (AE),187,,,
SUGAR LAND PD (AE),135,,,
NEEDVILLE PD,15,,,
MEADOWS PLACE PD (AE),18,,,
FULSHEAR PD (AE),15,,,
FORT BEND ISD PD (AE),2,,,
FRANKLIN COUNTY,12,,,
FRANKLIN CO SO,12,,,
FREESTONE COUNTY,64,,,
FREESTONE CO SO (AE),39,,,
FAIRFIELD PD (AE),9,,,
TEAGUE PD (AE),16,,,
FRIO COUNTY,167,,,
FRIO CO SO,12,,,
PEARSALL PD,134,,,
DILLEY PD,21,,,
GAINES COUNTY,79,,,
GAINES CO SO,31,,,
SEAGRAVES PD,6,,,
SEMINOLE PD,42,,,
GALVESTON COUNTY,"2,590",,,
GALVESTON CO SO (AE),430,,,
DICKINSON PD (AE),23,,,
FRIENDSWOOD PD (AE),94,,,
GALVESTON PD (AE),500,,,
HITCHCOCK PD (AE),50,,,
KEMAH PD,8,,,
LA MARQUE PD (AE),216,,,
LEAGUE CITY PD (MIP),539,,,
TEXAS CITY PD (AE),687,,,
UNIV OF TX: MEDICAL BRANCH PD,5,,,
SANTA FE PD ,37,,,
COLLEGE OF THE MAINLAND PD,1,,,
GARZA COUNTY,28,,,
GARZA CO SO,28,,,
GILLESPIE COUNTY,21,,,
GILLESPIE CO SO,11,,,
FREDERICKSBURG PD,10,,,
GLASSCOCK COUNTY,3,,,
GLASSCOCK CO SO (AE),3,,,
GOLIAD COUNTY,43,,,
GOLIAD CO SO,43,,,
GONZALES COUNTY,78,,,
GONZALES CO SO,41,,,
GONZALES PD,19,,,
NIXON PD,17,,,
WAELDER PD,1,,,
GRAY COUNTY,236,,,
GRAY CO SO,12,,,
PAMPA PD,224,,,
GRAYSON COUNTY,799,,,
GRAYSON CO SO,149,,,
COLLINSVILLE PD,1,,,
DENISON PD,115,,,
POTTSBORO PD,8,,,
SHERMAN PD,479,,,
VAN ALSTYNE PD,7,,,
WHITESBORO PD,25,,,
WHITEWRIGHT PD (NR),2,,,
HOWE PD,10,,,
GRAYSON COLLEGE PD,1,,,
TIOGA PD,2,,,
GREGG COUNTY,"1,085",,,
GREGG CO SO,146,,,
GLADEWATER PD,55,,,
KILGORE PD,172,,,
LONGVIEW PD,692,,,
WHITE OAK PD,20,,,
GRIMES COUNTY,102,,,
GRIMES CO SO (AE),67,,,
NAVASOTA PD (AE),35,,,
GUADALUPE COUNTY,887,,,
GUADALUPE CO SO,237,,,
SCHERTZ PD,248,,,
SEGUIN PD,351,,,
CIBOLO PD,51,,,
HALE COUNTY,201,,,
HALE CO SO (AE),14,,,
ABERNATHY PD,5,,,
PLAINVIEW PD,182,,,
HALL COUNTY,20,,,
MEMPHIS PD,20,,,
HAMILTON COUNTY,25,,,
HAMILTON CO SO,9,,,
HAMILTON PD,16,,,
HANSFORD COUNTY,13,,,
HANSFORD CO SO ,1,,,
SPEARMAN PD,12,,,
HARDEMAN COUNTY,3,,,
HARDEMAN CO SO,2,,,
CHILLICOTHE PD,1,,,
HARDIN COUNTY,331,,,
HARDIN CO SO (AE),153,,,
KOUNTZE PD (AE),20,,,
SILSBEE PD,18,,,
SOUR LAKE PD (AE),11,,,
LUMBERTON PD,129,,,
HARRIS COUNTY,"43,349",,,
HARRIS CO SO (MIP),"13,772",,,
HOUSTON PD (MIP),"26,579",,,
BAYTOWN PD (AE),499,,,
BELLAIRE PD (AE),19,,,
DEER PARK PD (AE),212,,,
GALENA PARK PD,29,,,
HUMBLE PD (AE),141,,,
JACINTO CITY PD (AE),29,,,
JERSEY VILLAGE PD (AE),60,,,
LA PORTE PD (AE),185,,,
PASADENA PD (MIP),"1,199",,,
SEABROOK PD (AE),103,,,
SHOREACRES PD,1,,,
SOUTH HOUSTON PD,131,,,
SOUTHSIDE PLACE PD (AE),1,,,
TOMBALL PD,56,,,
MEMORIAL VILLAGES PD (AE),13,,,
WEBSTER PD (AE),93,,,
WEST UNIVERSITY PLACE PD (AE),4,,,
KATY PD,87,,,
NASSAU BAY PD (AE),10,,,
UNIV OF TX: HOUSTON  PD,14,,,
UNIVERSITY OF HOUSTON PD,17,,,
TEXAS SOUTHERN UNIV PD,7,,,
HOUSTON ISD PD,4,,,
RICE UNIV PD ,2,,,
HEDWIG VILLAGE PD,9,,,
HOUSTON COMM COLLEGE PD (AE),6,,,
HOUSTON BAPTIST UNIV PD (AE),1,,,
ALIEF ISD PD,1,,,
LAKEVIEW PD,57,,,
KATY ISD PD,2,,,
SPRING ISD PD (AE),1,,,
PASADENA ISD PD (AE),2,,,
HUMBLE ISD PD (AE),3,,,
HARRISON COUNTY,373,,,
HARRISON CO SO,200,,,
HALLSVILLE PD,6,,,
MARSHALL PD,167,,,
HARTLEY COUNTY,1,,,
HARTLEY CO SO ,1,,,
HASKELL COUNTY,5,,,
HASKELL CO SO,3,,,
HASKELL PD,2,,,
HAYS COUNTY,820,,,
HAYS CO SO ,239,,,
SAN MARCOS PD,420,,,
TEXAS STATE UNIV: SAN MARCOS PD,14,,,
KYLE PD (AE),108,,,
BUDA PD,39,,,
HENDERSON COUNTY,477,,,
HENDERSON CO SO,337,,,
ATHENS PD,77,,,
MALAKOFF PD,2,,,
SEVEN POINTS PD,17,,,
CHANDLER PD,12,,,
GUN BARREL CITY PD,22,,,
TOOL PD,5,,,
LOG CABIN PD,5,,,
HIDALGO COUNTY,"5,817",,,
HIDALGO CO SO (MIP),"1,911",,,
ALAMO PD,90,,,
DONNA PD,357,,,
EDCOUCH PD,13,,,
EDINBURG PD,"1,115",,,
ELSA PD,21,,,
HIDALGO PD,47,,,
LA VILLA PD,4,,,
MCALLEN PD (MIP),464,,,
MERCEDES PD,150,,,
MISSION PD,45,,,
PHARR PD,822,,,
SAN JUAN PD,237,,,
WESLACO PD,425,,,
PALMVIEW PD,24,,,
ALTON PD,58,,,
PENITAS PD,7,,,
SULLIVAN CITY PD,13,,,
PALMHURST PD,3,,,
UT - RIO GRANDE VALLEY PD,11,,,
HILL COUNTY,205,,,
HILL CO SO,100,,,
HILLSBORO PD,99,,,
ITASCA PD,6,,,
HOCKLEY COUNTY,160,,,
HOCKLEY CO SO,25,,,
LEVELLAND PD,135,,,
HOOD COUNTY,307,,,
HOOD CO SO,289,,,
GRANBURY PD,18,,,
HOPKINS COUNTY,106,,,
HOPKINS CO SO,38,,,
SULPHUR SPRINGS PD,68,,,
HOUSTON COUNTY,79,,,
HOUSTON CO SO (AE),44,,,
CROCKETT PD (AE),32,,,
GRAPELAND PD,3,,,
HOWARD COUNTY,476,,,
HOWARD CO SO,63,,,
BIG SPRING PD,413,,,
HUDSPETH COUNTY,2,,,
HUDSPETH CO SO,2,,,
HUNT COUNTY,634,,,
HUNT CO SO,279,,,
COMMERCE PD,72,,,
GREENVILLE PD,277,,,
TX A&M UNIV: COMMERCE PD,6,,,
HUTCHINSON COUNTY,190,,,
HUTCHINSON CO SO,28,,,
BORGER PD,162,,,
IRION COUNTY,1,,,
IRION CO SO,1,,,
JACK COUNTY,21,,,
JACK CO SO,19,,,
JACKSBORO PD,2,,,
JACKSON COUNTY,38,,,
JACKSON CO SO,11,,,
EDNA PD,26,,,
GANADO PD,1,,,
JASPER COUNTY,152,,,
JASPER CO SO (AE),94,,,
JASPER PD (AE),58,,,
JEFF DAVIS COUNTY,3,,,
JEFF DAVIS CO SO,3,,,
JEFFERSON COUNTY,"4,899",,,
JEFFERSON CO SO (AE),223,,,
BEAUMONT PD (MIP),"3,439",,,
GROVES PD,141,,,
NEDERLAND PD (AE),161,,,
PORT ARTHUR PD (AE),806,,,
PORT NECHES PD,127,,,
LAMAR UNIV PD (AE),2,,,
JIM HOGG COUNTY,9,,,
JIM HOGG CO SO,9,,,
JIM WELLS COUNTY,367,,,
JIM WELLS CO SO,117,,,
ALICE PD,247,,,
ORANGE GROVE PD,3,,,
JOHNSON COUNTY,925,,,
JOHNSON CO SO,325,,,
ALVARADO PD,20,,,
BURLESON PD,224,,,
CLEBURNE PD,273,,,
JOSHUA PD,41,,,
KEENE PD,30,,,
VENUS PD,6,,,
GODLEY PD,6,,,
JONES COUNTY,65,,,
JONES CO SO (AE),10,,,
ANSON PD,14,,,
HAMLIN PD,31,,,
STAMFORD PD,10,,,
KARNES COUNTY,79,,,
KARNES CO SO,22,,,
KARNES CITY PD,10,,,
KENEDY PD,47,,,
KAUFMAN COUNTY,682,,,
KAUFMAN CO SO,340,,,
FORNEY PD,47,,,
KAUFMAN PD,45,,,
TERRELL PD,238,,,
CRANDALL PD,12,,,
KENDALL COUNTY,138,,,
KENDALL CO SO,51,,,
BOERNE PD,87,,,
KENEDY COUNTY,3,,,
KENEDY CO SO,3,,,
KENT COUNTY,5,,,
KENT CO SO,5,,,
KERR COUNTY,276,,,
KERR CO SO,124,,,
KERRVILLE PD,135,,,
INGRAM PD,17,,,
KIMBLE COUNTY,5,,,
KIMBLE CO SO,4,,,
JUNCTION PD,1,,,
KINNEY COUNTY,5,,,
KINNEY CO SO,5,,,
KLEBERG COUNTY,345,,,
KLEBERG CO SO (AE),27,,,
KINGSVILLE PD,316,,,
TX A&M UNIV: KINGSVILLE PD,2,,,
KNOX COUNTY,7,,,
KNOX CITY PD,7,,,
LAMAR COUNTY,226,,,
LAMAR CO SO,95,,,
PARIS PD,111,,,
RENO PD,20,,,
LAMB COUNTY,112,,,
LAMB CO SO,86,,,
LITTLEFIELD PD,26,,,
LAMPASAS COUNTY,103,,,
LAMPASAS CO SO (AE),9,,,
LAMPASAS PD,92,,,
KEMPNER PD (NR),2,,,
LA SALLE COUNTY,19,,,
LA SALLE CO SO,19,,,
LAVACA COUNTY,70,,,
LAVACA CO SO,26,,,
HALLETTSVILLE PD,15,,,
SHINER PD,7,,,
YOAKUM PD,17,,,
MOULTON PD,5,,,
LEE COUNTY,76,,,
LEE CO SO,36,,,
GIDDINGS PD,35,,,
LEXINGTON PD,5,,,
LEON COUNTY,59,,,
LEON CO SO,59,,,
LIBERTY COUNTY,209,,,
CLEVELAND PD (AE),77,,,
DAYTON PD,92,,,
LIBERTY PD (AE),40,,,
LIMESTONE COUNTY,182,,,
LIMESTONE CO SO,62,,,
GROESBECK PD,49,,,
MEXIA PD,71,,,
LIPSCOMB COUNTY,7,,,
LIPSCOMB CO SO,7,,,
LIVE OAK COUNTY,49,,,
LIVE OAK CO SO,32,,,
THREE RIVERS PD (AE),6,,,
GEORGE WEST PD,11,,,
LLANO COUNTY,6,,,
LLANO CO SO,5,,,
SUNRISE BEACH VILLAGE PD,1,,,
LUBBOCK COUNTY,"3,789",,,
LUBBOCK CO SO,97,,,
IDALOU PD,3,,,
LUBBOCK PD (MIP),"3,671",,,
SHALLOWATER PD,5,,,
SLATON PD,8,,,
TEXAS TECH UNIV: LUBBOCK PD,5,,,
LYNN COUNTY,11,,,
LYNN CO SO,2,,,
TAHOKA PD,9,,,
MCCULLOCH COUNTY,25,,,
MCCULLOCH CO SO,7,,,
BRADY PD,18,,,
MCLENNAN COUNTY,"1,951",,,
MCLENNAN CO SO,148,,,
BELLMEAD PD,209,,,
BEVERLY HILLS PD,8,,,
HEWITT PD,47,,,
LACY LAKEVIEW PD,72,,,
LORENA PD,3,,,
MCGREGOR PD,23,,,
ROBINSON PD,52,,,
WACO PD (MIP),"1,352",,,
WEST PD,2,,,
WOODWAY PD,19,,,
RIESEL PD (AE),3,,,
TSTC: WACO PD,12,,,
BAYLOR UNIV PD,1,,,
MCMULLEN COUNTY,1,,,
MCMULLEN CO SO,1,,,
MADISON COUNTY,37,,,
MADISON CO SO (AE),5,,,
MADISONVILLE PD,32,,,
MARION COUNTY,104,,,
MARION CO SO,102,,,
JEFFERSON PD,2,,,
MARTIN COUNTY,14,,,
MARTIN CO SO,14,,,
MASON COUNTY,11,,,
MASON CO SO,11,,,
MATAGORDA COUNTY,370,,,
MATAGORDA CO SO,71,,,
BAY CITY PD,285,,,
PALACIOS PD,14,,,
MAVERICK COUNTY,364,,,
MAVERICK CO SO,143,,,
EAGLE PASS PD,221,,,
MEDINA COUNTY,206,,,
MEDINA CO SO,96,,,
CASTROVILLE PD,2,,,
DEVINE PD,16,,,
HONDO PD,89,,,
LA COSTE PD (NR),3,,,
MENARD COUNTY,8,,,
MENARD CO SO,8,,,
MIDLAND COUNTY,624,,,
MIDLAND CO SO,139,,,
MIDLAND PD (MIP),484,,,
MIDLAND ISD PD,1,,,
MILAM COUNTY,104,,,
MILAM CO SO,24,,,
CAMERON PD,27,,,
ROCKDALE PD,47,,,
THORNDALE PD,6,,,
MILLS COUNTY,5,,,
MILLS CO SO (AE),5,,,
MITCHELL COUNTY,25,,,
COLORADO CITY PD (AE),25,,,
MONTAGUE COUNTY,27,,,
MONTAGUE CO SO,27,,,
MONTGOMERY COUNTY,"2,144",,,
MONTGOMERY CO SO (MIP),"1,366",,,
CONROE PD,634,,,
SPLENDORA PD (AE),8,,,
ROMAN FOREST PD,4,,,
PATTON VILLAGE PD (AE),9,,,
MAGNOLIA PD (AE),4,,,
SHENANDOAH PD,29,,,
WILLIS PD (AE),70,,,
OAK RIDGE NORTH PD,4,,,
MONTGOMERY PD (AE),15,,,
CONROE ISD PD (AE),1,,,
MOORE COUNTY,92,,,
MOORE CO SO,5,,,
DUMAS PD,73,,,
SUNRAY PD (CB),3,,,
CACTUS PD,11,,,
MORRIS COUNTY,55,,,
MORRIS CO SO,16,,,
DAINGERFIELD PD,30,,,
NAPLES PD,9,,,
MOTLEY COUNTY,1,,,
MOTLEY CO SO,1,,,
NACOGDOCHES COUNTY,670,,,
NACOGDOCHES CO SO,183,,,
NACOGDOCHES PD,484,,,
STEPHEN F. AUSTIN UNIV PD (AE),3,,,
NAVARRO COUNTY,504,,,
NAVARRO CO SO,155,,,
CORSICANA PD,349,,,
NEWTON COUNTY,26,,,
NEWTON CO SO (AE),23,,,
NEWTON PD (AE),3,,,
NOLAN COUNTY,90,,,
NOLAN CO SO  ,13,,,
SWEETWATER PD,77,,,
NUECES COUNTY,"3,168",,,
NUECES CO SO,38,,,
BISHOP PD,7,,,
CORPUS CHRISTI PD (MIP),"2,949",,,
ROBSTOWN PD,141,,,
PORT ARANSAS PD,24,,,
DRISCOLL PD,9,,,
OCHILTREE COUNTY,32,,,
OCHILTREE CO SO,4,,,
PERRYTON PD,28,,,
ORANGE COUNTY,532,,,
ORANGE CO SO (AE),195,,,
BRIDGE CITY PD (AE),49,,,
ORANGE PD (AE),153,,,
PINEHURST PD (AE),7,,,
VIDOR PD (AE),114,,,
WEST ORANGE PD (AE),14,,,
PALO PINTO COUNTY,39,,,
PALO PINTO CO SO,22,,,
MINERAL WELLS PD,17,,,
PANOLA COUNTY,58,,,
PANOLA CO SO (AE),58,,,
PARKER COUNTY,520,,,
PARKER CO SO,294,,,
WEATHERFORD PD,195,,,
SPRINGTOWN PD,13,,,
HUDSON OAKS PD,7,,,
WILLOW PARK PD,11,,,
PARMER COUNTY,46,,,
PARMER CO SO,2,,,
BOVINA PD,18,,,
FRIONA PD,21,,,
FARWELL PD,5,,,
PECOS COUNTY,82,,,
PECOS CO SO,28,,,
FORT STOCKTON PD,54,,,
POLK COUNTY,436,,,
POLK CO SO,309,,,
LIVINGSTON PD,102,,,
CORRIGAN PD,13,,,
ONALASKA PD (AE),12,,,
POTTER COUNTY,"2,685",,,
POTTER CO SO ,74,,,
AMARILLO PD (MIP),"2,609",,,
AMARILLO COLLEGE PD,2,,,
PRESIDIO COUNTY,5,,,
PRESIDIO CO SO,3,,,
PRESIDIO PD,2,,,
RAINS COUNTY,21,,,
RAINS CO SO,21,,,
RANDALL COUNTY,187,,,
RANDALL CO SO,103,,,
CANYON PD,81,,,
WEST TX A&M UNIV PD,3,,,
REAGAN COUNTY,10,,,
REAGAN CO SO,10,,,
REAL COUNTY,9,,,
REAL CO SO,9,,,
RED RIVER COUNTY,28,,,
RED RIVER CO SO,17,,,
CLARKSVILLE PD,9,,,
BOGATA PD,2,,,
REEVES COUNTY,42,,,
PECOS PD,42,,,
REFUGIO COUNTY,14,,,
REFUGIO CO SO,5,,,
REFUGIO PD,9,,,
ROBERTS COUNTY,2,,,
ROBERTS CO SO,2,,,
ROBERTSON COUNTY,101,,,
ROBERTSON CO SO,30,,,
CALVERT PD,2,,,
HEARNE PD,69,,,
ROCKWALL COUNTY,382,,,
ROCKWALL CO SO,44,,,
ROCKWALL PD,239,,,
ROYSE CITY PD,60,,,
HEATH PD,16,,,
FATE PD,23,,,
RUNNELS COUNTY,20,,,
RUNNELS CO SO,8,,,
BALLINGER PD,1,,,
WINTERS PD,11,,,
RUSK COUNTY,525,,,
RUSK CO SO,240,,,
HENDERSON PD,273,,,
OVERTON PD  (AE),5,,,
TATUM PD (AE),7,,,
SABINE COUNTY,45,,,
SABINE CO SO (AE),40,,,
HEMPHILL PD (AE),5,,,
SAN AUGUSTINE COUNTY,24,,,
SAN AUGUSTINE CO SO (AE),18,,,
SAN AUGUSTINE PD,6,,,
SAN JACINTO COUNTY,143,,,
SAN JACINTO CO SO (AE),143,,,
SAN PATRICIO COUNTY,324,,,
SAN PATRICIO CO SO ,70,,,
INGLESIDE PD,53,,,
MATHIS PD,62,,,
PORTLAND PD,128,,,
TAFT PD,6,,,
GREGORY PD,5,,,
SAN SABA COUNTY,10,,,
SAN SABA CO SO,2,,,
SAN SABA PD,8,,,
SCHLEICHER COUNTY,11,,,
SCHLEICHER CO SO,11,,,
SCURRY COUNTY,130,,,
SCURRY CO SO,13,,,
SNYDER PD,117,,,
SHACKELFORD COUNTY,6,,,
SHACKELFORD CO SO,6,,,
SHELBY COUNTY,164,,,
SHELBY CO SO,113,,,
CENTER PD,51,,,
SHERMAN COUNTY,2,,,
SHERMAN CO SO (AE),1,,,
STRATFORD PD,1,,,
SMITH COUNTY,"1,036",,,
SMITH CO SO (MIP),172,,,
LINDALE PD,31,,,
TROUP PD,8,,,
TYLER PD (MIP),801,,,
WHITEHOUSE PD,21,,,
UNIV OF TX: HSC - TYLER PD (AE),1,,,
BULLARD PD (AE),2,,,
SOMERVELL COUNTY,25,,,
SOMERVELL CO SO,25,,,
STARR COUNTY,409,,,
STARR CO SO,123,,,
LA GRULLA PD,14,,,
RIO GRANDE CITY PD,180,,,
ROMA PD,91,,,
RIO GRANDE CITY ISD PD,1,,,
STEPHENS COUNTY,59,,,
STEPHENS CO SO,17,,,
BRECKENRIDGE PD,42,,,
STONEWALL COUNTY,1,,,
STONEWALL CO SO,1,,,
SUTTON COUNTY,3,,,
SONORA PD,3,,,
SWISHER COUNTY,45,,,
SWISHER CO SO,8,,,
TULIA PD,37,,,
TARRANT COUNTY,"13,827",,,
TARRANT CO SO,209,,,
ARLINGTON PD (MIP),"4,012",,,
AZLE PD,80,,,
BEDFORD PD,402,,,
BENBROOK PD,97,,,
BLUE MOUND PD,16,,,
CROWLEY PD,62,,,
DALWORTHINGTON GARDENS PD,5,,,
EULESS PD,260,,,
EVERMAN PD,31,,,
FOREST HILL PD,82,,,
FORT WORTH PD (MIP),"6,670",,,
GRAPEVINE PD,174,,,
HALTOM CITY PD,315,,,
HURST PD,221,,,
KENNEDALE PD,42,,,
LAKE WORTH PD,7,,,
MANSFIELD PD,122,,,
NORTH RICHLAND HILLS PD,503,,,
RICHLAND HILLS PD,49,,,
RIVER OAKS PD,34,,,
SAGINAW PD,118,,,
WATAUGA PD,118,,,
WESTWORTH VILLAGE PD,6,,,
WHITE SETTLEMENT PD,21,,,
KELLER PD,61,,,
PANTEGO PD,12,,,
SOUTHLAKE PD,32,,,
UNIV OF TX: ARLINGTON PD,17,,,
DALLAS-FORT WORTH INTERNATIONAL AIRPORT PD,17,,,
COLLEYVILLE PD,9,,,
PELICAN BAY PD,9,,,
TARRANT CO HOSPITAL DISTRICT PD,14,,,
TAYLOR COUNTY,"1,620",,,
TAYLOR CO SO,60,,,
ABILENE PD (MIP),"1,528",,,
MERKEL PD,22,,,
TYE PD,8,,,
HARDIN SIMMONS UNIV PD,1,,,
ABILENE CHRISTIAN UNIV PD,1,,,
TERRELL COUNTY,5,,,
TERRELL CO SO (AE),5,,,
TERRY COUNTY,62,,,
TERRY CO SO (AE),1,,,
BROWNFIELD PD,61,,,
THROCKMORTON COUNTY,4,,,
THROCKMORTON CO SO,4,,,
TITUS COUNTY,532,,,
TITUS CO SO,283,,,
MOUNT PLEASANT PD,249,,,
TOM GREEN COUNTY,"1,526",,,
TOM GREEN CO SO,64,,,
SAN ANGELO PD (MIP),"1,461",,,
ANGELO STATE UNIV PD,1,,,
TRAVIS COUNTY,"7,129",,,
TRAVIS CO SO (MIP),344,,,
AUSTIN PD (MIP),"6,430",,,
MANOR PD,47,,,
ROLLINGWOOD PD,1,,,
WEST LAKE HILLS PD,4,,,
UT AUSTIN PD,4,,,
PFLUGERVILLE PD,188,,,
LAKEWAY PD,29,,,
SUNSET VALLEY PD,7,,,
LAGO VISTA PD,45,,,
JONESTOWN PD,9,,,
AUSTIN ISD PD,3,,,
BEE CAVE PD,11,,,
PFLUGERVILLE ISD PD,7,,,
TRINITY COUNTY,21,,,
TRINITY CO SO (AE),18,,,
TRINITY PD,3,,,
TYLER COUNTY,42,,,
TYLER CO SO (AE),38,,,
WOODVILLE PD,4,,,
UPSHUR COUNTY,148,,,
UPSHUR CO SO,110,,,
BIG SANDY PD,4,,,
GILMER PD,34,,,
UPTON COUNTY,16,,,
UPTON CO SO,16,,,
UVALDE COUNTY,201,,,
UVALDE CO SO,64,,,
UVALDE PD,134,,,
SABINAL PD ,3,,,
VAL VERDE COUNTY,211,,,
VAL VERDE CO SO,41,,,
DEL RIO PD,170,,,
VAN ZANDT COUNTY,80,,,
VAN ZANDT CO SO,44,,,
CANTON PD,8,,,
GRAND SALINE PD,3,,,
VAN PD,13,,,
WILLS POINT PD,12,,,
VICTORIA COUNTY,867,,,
VICTORIA CO SO,233,,,
VICTORIA PD,634,,,
WALKER COUNTY,270,,,
WALKER CO SO (AE),104,,,
HUNTSVILLE PD,166,,,
WALLER COUNTY,180,,,
WALLER CO SO (AE),35,,,
BROOKSHIRE PD,23,,,
WALLER PD (AE),9,,,
HEMPSTEAD PD,99,,,
PRAIRIE VIEW PD (AE),6,,,
PRAIRIE VIEW A&M UNIV PD (AE),8,,,
WARD COUNTY,91,,,
WARD CO SO,37,,,
MONAHANS PD,54,,,
WASHINGTON COUNTY,240,,,
WASHINGTON CO SO (AE),76,,,
BRENHAM PD (AE),164,,,
WEBB COUNTY,"1,406",,,
WEBB CO SO,15,,,
LAREDO PD (MIP),"1,388",,,
TX A&M UNIV: INTERNATIONAL PD,3,,,
WHARTON COUNTY,369,,,
WHARTON CO SO,145,,,
EL CAMPO PD,60,,,
WHARTON PD,164,,,
WHEELER COUNTY,9,,,
WHEELER CO SO,4,,,
SHAMROCK PD,5,,,
WICHITA COUNTY,"1,615",,,
WICHITA CO SO,16,,,
BURKBURNETT PD,66,,,
ELECTRA PD,22,,,
IOWA PARK PD,29,,,
WICHITA FALLS PD (MIP),"1,482",,,
WILBARGER COUNTY,77,,,
WILBARGER CO SO,1,,,
VERNON PD,76,,,
WILLACY COUNTY,208,,,
WILLACY CO SO,68,,,
LYFORD PD,38,,,
RAYMONDVILLE PD,101,,,
PORT MANSFIELD PD,1,,,
WILLIAMSON COUNTY,"2,088",,,
WILLIAMSON CO SO (MIP),606,,,
FLORENCE PD,1,,,
GEORGETOWN PD,199,,,
GRANGER PD,3,,,
HUTTO PD,69,,,
ROUND ROCK PD (MIP),451,,,
TAYLOR PD,173,,,
CEDAR PARK PD,355,,,
LEANDER PD,228,,,
JARRELL PD,3,,,
WILSON COUNTY,48,,,
WILSON CO SO,27,,,
FLORESVILLE PD,18,,,
LA VERNIA PD (AE),3,,,
WINKLER COUNTY ,17,,,
WINKLER CO SO ,2,,,
KERMIT PD,15,,,
WISE COUNTY,176,,,
WISE CO SO,106,,,
BRIDGEPORT PD,40,,,
DECATUR PD,23,,,
RUNAWAY BAY PD,1,,,
BOYD PD,6,,,
WOOD COUNTY,90,,,
WOOD CO SO,34,,,
HAWKINS PD,4,,,
MINEOLA PD,36,,,
QUITMAN PD,8,,,
WINNSBORO PD,8,,,
YOAKUM COUNTY,25,,,
YOAKUM CO SO,8,,,
DENVER CITY PD,17,,,
YOUNG COUNTY,72,,,
YOUNG CO SO,17,,,
GRAHAM PD,43,,,
OLNEY PD,12,,,
ZAPATA COUNTY,9,,,
ZAPATA CO SO,9,,,
ZAVALA COUNTY,51,,,
ZAVALA CO SO,51,,,
,,,,
,,,,
,,,,
,,,,
,,,,
,,,,
,,,,
,,,,
,,,,
,,,,
,,,,
,,,,
,,,,
,,,,
,,,,
,,,,
,,,,
,,,,
,,,,
,,,,
,,,,
,,,,
,,,,
,,,,
,,,,
,,,,
,,,,
,,,,
,,,,
,,,,
,,,,
,,,,
,,,,
,,,,
,,,,
,,,,
,,,,
,,,,
,,,,
,,,,
,,,,
,,,,
,,,,
,,,,
,,,,
,,,,
,,,,
,,,,
,,,,
,,,,
,,,,
,,,,
,,,,
,,,,
,,,,
,,,,
,,,,
,,,,
,,,,
,,,,
,,,,
,,,,
,,,,
,,,,
,,,,
,,,,
,,,,
,,,,
,,,,
,,,,
,,,,
,,,,
,,,,
,,,,
,,,,
,,,,
,,,,
,,,,
,,,,
,,,,
,,,,
,,,,
,,,,
,,,,
,,,,
,,,,
,,,,
,,,,
,,,,
,,,,
,,,,
,,,,
,,,,
,,,,
,,,,
,,,,
,,,,
,,,,
,,,,
,,,,
,,,,
,,,,
,,,,
,,,,
,,,,
,,,,
,,,,
,,,,
,,,,
,,,,
,,,,
,,,,
,,,,
,,,,
,,,,
,,,,
,,,,
,,,,
,,,,
,,,,
,,,,
,,,,
,,,,
,,,,
,,,,
,,,,
,,,,
,,,,
,,,,
,,,,
,,,,
,,,,
,,,,
,,,,
,,,,
,,,,
,,,,
,,,,
,,,,
,,,,
,,,,
,,,,
,,,,
,,,,
,,,,